"0","library(readr);library(magrittr);library(lubridate);library(dplyr);library(ggplot2);library(broom);library(tidyverse)"
"2","Loading tidyverse: tibble
Loading tidyverse: tidyr
Loading tidyverse: purrr
"
"2","Conflicts with tidy packages --------------------------------------------------------------------------------------------------------------------------------
"
"2","as.difftime(): lubridate, base
date():        lubridate, base
filter():      dplyr, stats
intersect():   lubridate, base
lag():         dplyr, stats
setdiff():     lubridate, base
union():       lubridate, base
"
